Num. of nodes, Proc. per node, Execution time
            1,              1,       0.241800
            1,              2,       0.186500
            1,              4,       0.073500
            1,              8,       0.060400
            1,             16,       0.043800
            1,             32,       0.048100
            1,             64,       8.930600
